合作夥伴,Instagram粉絲數
"迷途艾比",0
"山姆書書",0
"宋家小館｜Becky",0
"姐姐不想懂事了｜莉安君怡 / 姊姊不想懂事了",0
"曼蒂歐逆-轉型之路",0
"楊月娥（楊肉爐）",0
"爛泥媽媽的重生日記（Jill)",0
"人生啊！小歐",0
"下半場人生事務有限公司",0
"五吉郎",0
"斜槓空姐cindy",0
"無所不試無樂不作",0
"廣播主持人_楊凱涵",0
"Vito大叔",0
"玩命之徒｜林尚諾大師兄",0
"哇賽心理學_蔡宇哲",0
"瑪那熊諮商心理師",0
"鄧惠文",0
"謎卡Mika Lin",0
"文森說書",0
"瓦基閱讀前哨站",0
"佐依Zoey",0
"林程揚｜Hank大叔 / 維琪的幸福叮嚀",0
"微光中的貓| Claire Hsiao",0
"樂筆",0
"蕭邦",0
"蘇絢慧分享空間",0
"布萊恩老師",0
"全遠距工作的行銷人|Coco",0
"別人的工作最有趣｜Fiona",0
"林慧",0
"治療師瑪奇",0
"美業幹什麼｜蔡佩陵",0
"高言值表達力教練｜竺宥璋｜小竺",0
"張書書",0
"莊舒涵（卡姊）",0
"劉亦酉",0
"蘋果老師",0
"Cynthia Huang黃馨儀",0
"品牌女子A娜",0
"胡咪老師",0
"張忘形",0
"梁哲維",0
"閱讀聊樂key",0
"Coco｜全遠距工作的行銷人",0
"Dr Selena",0
"30節約男子",0
"主播/主持人朱楚文",0
"美股航海王",0
"喬王的投資理財筆記",0
"慢活夫妻Dewi&George",0
"潘思璇ＣＰ",0
"Fire人生大學｜道哥",0
"王琄",0
"不敗教主-陳重銘",0
"李柏鋒的擴大機",0
"美股夢想家",0
"雷浩斯價值投資網",0
"精算媽咪的家計簿｜珊迪兔",0
"聰明主婦的生活投資學",0
"即薑抵達｜薑咪",0
"我的動齡限量版",0
"莫菲穿搭",0
"丁菱娟",0
"布姐陪你聰明工作創意生活",0
"郝旭烈/郝聲音",0
"小思大維｜雪柔",0
"加班當爸媽．櫻桃可可CherryCoco",0
"育兒專機｜犬媽 / 犬兒媽咪の育兒手帳",0
"崔咪",0
"趙函穎的營養健康週報",0
"尼可這樣說",0
"孫治華",0
"小河馬媽媽",0
"幼兒情緒教育學院-萬叔的心café",0
"阿駿日常",0
"孫子玲",0
"GK爸爸",0
"聲音表達講師林依柔",0
